provider_id,name,registration_number,qualification,specialization,hospital,address,phone,mobile,email,city,state,consultation_fee,timings,languages,expected_error_type
P001,Dr. A. Kalaiarasan,RMC/11223/2012,"MBBS, DLO",ENT Specialist,Royal Hospital,"Gandhi Nagar, Bikaner, Rajasthan - 334001",0151-2304455,+91-9876543210,info@royalhospital.net.in,Bikaner,Rajasthan,₹500-800,Mon-Sat: 10 AM - 6 PM,"English, Hindi, Rajasthani",OUTDATED_PHONE
P002,Dr. Sunita Mehta,KMC/93823/2012,"MBBS, MD (Pediatrics)",Pediatrician,Columbia Asia Hebbal,"340, MG Road, Bangalore, Karnataka - 560622",080-74001822,+91-7203768406,dr.sunita.mehta@columbia.com,Bangalore,Karnataka,₹500-800,"Mon-Fri: 9 AM - 1 PM, 4 PM - 8 PM","English, Hindi, Kannada",CORRECT_DATA
P003,Dr. Asha Kulkarni,RMC/89552/2023,"MBBS, MD (Pediatrics)",Pediatrician,Fortis Escorts Hospital,"552, Mansarovar, Jaipur, Rajasthan - 302563",0141-80771359,+91-9250272046,dr.asha.kulkarni@fortis.com,Jaipur,Rajasthan,₹600-1000,"Mon-Fri: 9 AM - 1 PM, 4 PM - 8 PM","English, Hindi, Hindi",CORRECT_DATA
P004,Dr. Ajay Reddy,KMC/38353/2015,"MBBS, MD (Medicine)",General Physician,Wellness Hospital,"334, Indiranagar, Bangalore, Karnataka - 560568",080-36739125,+91-6210703286,dr.ajay.reddy@wellness.com,Bangalore,Karnataka,₹300-500,Mon-Sat: 9 AM - 5 PM,"English, Hindi, Kannada",OUTDATED_PHONE
P005,Dr. Suresh Iyer,RMC/38304/2011,"MBBS, MS (Obstetrics & Gynaecology)",Gynecologist,SMS Hospital,"504, Jagatpura, Jaipur, Rajasthan - 302626",0141-64298760,+91-8414956527,dr.suresh.iyer@sms.com,Jaipur,Rajasthan,₹500-800,"Mon-Fri: 9 AM - 1 PM, 4 PM - 8 PM","English, Hindi, Hindi",CORRECT_DATA
P006,Dr. Rajesh Sharma,UPMC/22144/2010,"MBBS, MD (Medicine)",General Physician,Apollo Medics Hospital,"114, Alambagh, Lucknow, Uttar Pradesh - 226224",0522-44583513,+91-8910747739,dr.rajesh.sharma@apollo.com,Lucknow,Uttar Pradesh,₹400-600,Mon-Sat: 9 AM - 5 PM,"English, Hindi, Hindi",CORRECT_DATA
P007,Dr. Ritu Kulkarni,TSMC/55990/2008,"MBBS, DLO",ENT Specialist,Yashoda Hospital Secunderabad,"610, Madhapur, Hyderabad, Telangana - 500843",040-36476928,+91-6111827591,dr.ritu.kulkarni@yashoda.com,Hyderabad,Telangana,₹500-800,"Mon-Sat: 8 AM - 2 PM, 5 PM - 8 PM","English, Hindi, Telugu",OUTDATED_PHONE
P008,Dr. Nisha Kulkarni,TSMC/20865/2017,"MBBS, MS (Obstetrics & Gynaecology)",Gynecologist,Continental Hospital Gachibowli,"611, Madhapur, Hyderabad, Telangana - 500452",040-92771097,+91-9237643730,dr.nisha.kulkarni@continental.com,Hyderabad,Telangana,₹600-1000,Tue-Sun: 11 AM - 7 PM,"English, Hindi, Telugu",HOSPITAL_CHANGED
P009,Dr. Praveen Nair,KMC/91875/2022,"MBBS, MS (Obstetrics & Gynaecology)",Gynecologist,Apollo Hospital Bangalore,"724, Koramangala, Bangalore, Karnataka - 560473",080-81468004,+91-7155756561,dr.praveen.nair@apollo.com,Bangalore,Karnataka,₹600-1000,Tue-Sun: 11 AM - 7 PM,"English, Hindi, Kannada",CORRECT_DATA
P010,Dr. Sneha Gupta,RMC/42472/2012,"MBBS, MD (Medicine)",General Physician,Royal Hospital,"775, Gandhi Nagar, Bikaner, Rajasthan - 334518",0151-51528157,+91-811682837,dr.sneha.gupta@royal.com,Bikaner,Rajasthan,₹300-500,"Mon-Sat: 8 AM - 2 PM, 5 PM - 8 PM","English, Hindi, Hindi",CORRECT_DATA
P011,Dr. Asha Mehta,UPMC/21300/2019,"MBBS, MD, DM (Neurology)",Neurologist,King George Medical University,"345, Ashiyana, Lucknow, Uttar Pradesh - 226968",0522-80986306,+91-9402517404,dr.asha.mehta@king.com,Lucknow,Uttar Pradesh,₹500-800,"Mon-Sat: 8 AM - 2 PM, 5 PM - 8 PM","English, Hindi, Hindi",CORRECT_DATA
P012,Dr. Arun Kulkarni,UPMC/94301/2009,"MBBS, MD (Medicine)",General Physician,Apollo Medics Hospital,"108, Gomti Nagar, Lucknow, Uttar Pradesh - 226766",0522-49429592,+91-7458397863,dr.arun.kulkarni@apollo.com,Lucknow,Uttar Pradesh,₹400-600,Mon-Fri: 10 AM - 6 PM,"English, Hindi, Hindi",CORRECT_DATA
P013,Dr. Manoj Patel,TSMC/69969/2012,"MBBS, MD (Medicine)",General Physician,Continental Hospital Gachibowli,"538, Secunderabad, Hyderabad, Telangana - 500971",040-74185384,+91-8699817834,dr.manoj.patel@continental.com,Hyderabad,Telangana,₹300-500,"Mon-Sat: 8 AM - 2 PM, 5 PM - 8 PM","English, Hindi, Telugu",CORRECT_DATA
P014,Dr. Lakshmi Kumar,GMC/64854/2008,"MBBS, MD, DM (Neurology)",Neurologist,Satellite Clinic,"929, Navrangpura, Ahmedabad, Gujarat - 380141",079-82897322,+91-8417685349,dr.lakshmi.kumar@satellite.com,Ahmedabad,Gujarat,₹600-1000,"Mon-Sat: 8 AM - 2 PM, 5 PM - 8 PM","English, Hindi, Gujarati",CORRECT_DATA
P015,Dr. Pooja Patel,WBMC/54075/2017,"MBBS, MS (Orthopedics)",Orthopedic Surgeon,Fortis Hospital Anandapur,"290, Salt Lake, Kolkata, West Bengal - 700413",033-27013512,+91-6657981419,dr.pooja.patel@fortis.com,Kolkata,West Bengal,₹800-1200,"Mon-Fri: 9 AM - 1 PM, 4 PM - 8 PM","English, Hindi, Bengali",OUTDATED_PHONE
P016,Dr. Rahul Reddy,RMC/12580/2013,"MBBS, MS (Orthopedics)",Orthopedic Surgeon,Eternal Heart Care,"316, Malviya Nagar, Jaipur, Rajasthan - 302673",0141-53502305,+91-8452547007,dr.rahul.reddy@eternal.com,Jaipur,Rajasthan,₹1000-1500,Mon-Fri: 10 AM - 6 PM,"English, Hindi, Hindi",CORRECT_DATA
P017,Dr. Meera Iyer,RMC/12243/2022,"MBBS, MD, DM (Neurology)",Neurologist,Narayana Multispeciality Hospital,"895, Tonk Road, Jaipur, Rajasthan - 302159",0141-82649799,+91-9553336013,dr.meera.iyer@narayana.com,Jaipur,Rajasthan,₹600-1000,Mon-Fri: 10 AM - 6 PM,"English, Hindi, Hindi",CORRECT_DATA
P018,Dr. Nitin Joshi,KMC/94870/2019,"MBBS, MS (Ophthalmology)",Ophthalmologist,City Care Clinic,"677, Jayanagar, Bangalore, Karnataka - 560366",080-63501271,+91-9170150322,dr.nitin.joshi@city.com,Bangalore,Karnataka,₹600-1000,"Mon-Sat: 8 AM - 2 PM, 5 PM - 8 PM","English, Hindi, Kannada",HOSPITAL_CHANGED
P019,Dr. Sunita Pillai,MMC/52583/2015,"MBBS, MD (Medicine)",General Physician,Hinduja Hospital Khar,"461, Powai, Mumbai, Maharashtra - 400494",022-72373559,+91-8775597766,dr.sunita.pillai@hinduja.com,Mumbai,Maharashtra,₹300-500,Mon-Sat: 9 AM - 5 PM,"English, Hindi, Marathi",CORRECT_DATA
P020,Dr. Manoj Kulkarni,DMC/77320/2020,"MBBS, MS (Ophthalmology)",Ophthalmologist,Apollo Hospital Sarita Vihar,"199, Saket, Delhi, Delhi - 110194",011-25179893,+91-633937244,dr.manoj.kulkarni@apollo.com,Delhi,Delhi,₹600-1000,"Mon-Sat: 8 AM - 2 PM, 5 PM - 8 PM","English, Hindi",MULTIPLE_CONFLICTS
P021,Dr. Anjali Nair,MMC/31075/2020,"MBBS, MD (Pediatrics)",Pediatrician,Kokilaben Dhirubhai Ambani,"189, Powai, Mumbai, Maharashtra - 400856",022-86138472,+91-8391109561,dr.anjali.nair@kokilaben.com,Mumbai,Maharashtra,₹500-800,"Mon-Sat: 8 AM - 2 PM, 5 PM - 8 PM","English, Hindi, Marathi",CORRECT_DATA
P022,Dr. Ramesh Verma,MMC/45889/2019,"MBBS, MD, DM (Neurology)",Neurologist,Koregaon Park Clinic,"679, Pimpri, Pune, Maharashtra - 411367",020-95835957,+91-9571796628,dr.ramesh.verma@koregaon.com,Pune,Maharashtra,₹500-800,Mon-Sat: 9 AM - 5 PM,"English, Hindi, Marathi",MOVED_ADDRESS
P023,Dr. Sneha Reddy,TNMC/39440/2015,"MBBS, MD, DM (Cardiology)",Cardiologist,Apollo Hospital Greams Road,"929, T Nagar, Chennai, Tamil Nadu - 600843",044-52352490,+91-8178807290,dr.sneha.reddy@apollo.com,Chennai,Tamil Nadu,₹1200-2000,Mon-Sat: 9 AM - 5 PM,"English, Hindi, Tamil",CORRECT_DATA
P024,Dr. Ravi Joshi,GMC/74852/2020,"MBBS, MD (Pediatrics)",Pediatrician,HCG Cancer Centre,"389, Navrangpura, Ahmedabad, Gujarat - 380452",079-58732372,+91-880643969,dr.ravi.joshi@hcg.com,Ahmedabad,Gujarat,₹600-1000,Tue-Sun: 11 AM - 7 PM,"English, Hindi, Gujarati",CORRECT_DATA
P025,Dr. Lakshmi Rao,RMC/84294/2015,"MBBS, MD, DM (Neurology)",Neurologist,City Care Bikaner,"161, Station Road, Bikaner, Rajasthan - 334707",0151-33861395,+91-6935712103,dr.lakshmi.rao@city.com,Bikaner,Rajasthan,₹600-1000,Tue-Sun: 11 AM - 7 PM,"English, Hindi, Hindi",OUTDATED_PHONE
P026,Dr. Nisha Gupta,GMC/69403/2008,"MBBS, MS (Obstetrics & Gynaecology)",Gynecologist,SAL Hospital Drive In,"999, SG Highway, Ahmedabad, Gujarat - 380966",079-95253541,+91-8457359231,dr.nisha.gupta@sal.com,Ahmedabad,Gujarat,₹600-1000,Tue-Sun: 11 AM - 7 PM,"English, Hindi, Gujarati",CORRECT_DATA
P027,Dr. Neha Verma,TNMC/58739/2018,"MBBS, MD, DM (Cardiology)",Cardiologist,SIMS Hospital Vadapalani,"641, Anna Nagar, Chennai, Tamil Nadu - 600423",044-91558544,+91-7578553522,dr.neha.verma@sims.com,Chennai,Tamil Nadu,₹1200-2000,Mon-Fri: 10 AM - 6 PM,"English, Hindi, Tamil",CORRECT_DATA
P028,Dr. Preeti Iyer,RMC/81824/2016,"MBBS, MD (Medicine)",General Physician,Gandhi Nagar Clinic,"179, Karni Nagar, Bikaner, Rajasthan - 334227",0151-36213736,+91-6549687890,dr.preeti.iyer@gandhi.com,Bikaner,Rajasthan,₹400-600,"Mon-Fri: 9 AM - 1 PM, 4 PM - 8 PM","English, Hindi, Hindi",MULTIPLE_CONFLICTS
P029,Dr. Sneha Singh,TSMC/22227/2015,"MBBS, MD (Pediatrics)",Pediatrician,Continental Hospital Gachibowli,"222, Kukatpally, Hyderabad, Telangana - 500700",040-74940900,+91-830589080,dr.sneha.singh@continental.com,Hyderabad,Telangana,₹600-1000,"Mon-Sat: 8 AM - 2 PM, 5 PM - 8 PM","English, Hindi, Telugu",CORRECT_DATA
P030,Dr. Ashok Menon,GMC/61425/2010,"BDS, MDS",Dentist,Sterling Hospital Memnagar,"584, Bodakdev, Ahmedabad, Gujarat - 380832",079-42744480,+91-8336288275,dr.ashok.menon@sterling.com,Ahmedabad,Gujarat,₹500-800,Mon-Sat: 9 AM - 5 PM,"English, Hindi, Gujarati",CORRECT_DATA
P031,Dr. Ritu Iyer,RMC/98685/2021,"MBBS, MD (Medicine)",General Physician,Narayana Multispeciality Hospital,"623, Raja Park, Jaipur, Rajasthan - 302530",0141-80139070,+91-9247687566,dr.ritu.iyer@narayana.com,Jaipur,Rajasthan,₹400-600,Mon-Fri: 10 AM - 6 PM,"English, Hindi, Hindi",CORRECT_DATA
P032,Dr. Asha Rao,RMC/57736/2016,"MBBS, MS (Obstetrics & Gynaecology)",Gynecologist,Royal Hospital,"577, Karni Nagar, Bikaner, Rajasthan - 334460",0151-66330859,+91-9584124508,dr.asha.rao@royal.com,Bikaner,Rajasthan,₹600-1000,Mon-Fri: 10 AM - 6 PM,"English, Hindi, Hindi",CORRECT_DATA
P033,Dr. Meera Kumar,DMC/18354/2008,"MBBS, MD (Medicine)",General Physician,BLK Hospital,"668, Rohini, Delhi, Delhi - 110201",011-69811510,+91-9434290658,dr.meera.kumar@blk.com,Delhi,Delhi,₹300-500,Tue-Sun: 11 AM - 7 PM,"English, Hindi",CORRECT_DATA
P034,Dr. Ritu Kulkarni,MMC/54697/2016,"MBBS, MD (Medicine)",General Physician,Kokilaben Dhirubhai Ambani,"247, Worli, Mumbai, Maharashtra - 400368",022-37657768,+91-690049627,dr.ritu.kulkarni@kokilaben.com,Mumbai,Maharashtra,₹300-500,Mon-Fri: 10 AM - 6 PM,"English, Hindi, Marathi",OUTDATED_PHONE
P035,Dr. Deepak Verma,RMC/EXPIRED/1988,"MBBS, MS (Obstetrics & Gynaecology)",Gynecologist,Fortis Escorts Hospital,"89, Mansarovar, Jaipur, Rajasthan - 302498",0141-89177257,+91-96487805,dr.deepak.verma@fortis.com,Jaipur,Rajasthan,₹500-800,"Mon-Sat: 8 AM - 2 PM, 5 PM - 8 PM","English, Hindi, Hindi",REGISTRATION_ISSUE
P036,Dr. Ajay Joshi,WBMC/80657/2023,"MBBS, MS (Ophthalmology)",Ophthalmologist,Apollo Gleneagles,"483, Howrah, Kolkata, West Bengal - 700652",033-69263282,+91-8162408839,dr.ajay.joshi@apollo.com,Kolkata,West Bengal,₹600-1000,Tue-Sun: 11 AM - 7 PM,"English, Hindi, Bengali",CORRECT_DATA
P037,Dr. Lakshmi Gupta,RMC/48409/2023,"MBBS, MD (Dermatology)",Dermatologist,SMS Hospital,"348, C Scheme, Jaipur, Rajasthan - 302626",0141-57401625,+91-8366876142,dr.lakshmi.gupta@sms.com,Jaipur,Rajasthan,₹500-800,Tue-Sun: 11 AM - 7 PM,"English, Hindi, Hindi",CORRECT_DATA
P038,Dr. Nitin Kulkarni,DMC/72348/2020,"MBBS, MD (Medicine)",General Physician,Metro Hospital,"445, Rohini, Delhi, Delhi - 110140",011-85417442,+91-9448578408,dr.nitin.kulkarni@metro.com,Delhi,Delhi,₹300-500,Mon-Sat: 9 AM - 5 PM,"English, Hindi",CORRECT_DATA
P039,Dr. Arun Iyer,RMC/71592/2023,"MBBS, MD (Medicine)",General Physician,SMS Hospital,"539, Vaishali Nagar, Jaipur, Rajasthan - 302603",0141-61407209,+91-8808877607,dr.arun.iyer@sms.com,Jaipur,Rajasthan,₹300-500,Tue-Sun: 11 AM - 7 PM,"English, Hindi, Hindi",CORRECT_DATA
P040,Dr. Anjali Joshi,UPMC/45720/2022,"BDS, MDS",Dentist,Gomti Nagar Clinic,"740, Alambagh, Lucknow, Uttar Pradesh - 226419",0522-47355910,+91-9986879389,dr.anjali.joshi@gomti.com,Lucknow,Uttar Pradesh,₹500-800,"Mon-Fri: 9 AM - 1 PM, 4 PM - 8 PM","English, Hindi, Hindi",CORRECT_DATA
P041,Dr. Meera Desai,DMC/43339/2009,"MBBS, MD (Medicine)",General Physician,AIIMS Delhi,"188, Connaught Place, Delhi, Delhi - 110276",011-75291999,+91-8801788775,dr.meera.desai@aiims.com,Delhi,Delhi,₹400-600,Tue-Sun: 11 AM - 7 PM,"English, Hindi",CORRECT_DATA
P042,Dr. Amit Reddy,RMC/10789/2021,"MBBS, MD (Medicine)",General Physician,PBM Hospital,"983, Station Road, Bikaner, Rajasthan - 334535",0151-76154195,+91-9813158101,dr.amit.reddy@pbm.com,Bikaner,Rajasthan,₹400-600,"Mon-Fri: 9 AM - 1 PM, 4 PM - 8 PM","English, Hindi, Hindi",CORRECT_DATA
P043,Dr. Manoj Gupta,RMC/81775/2023,"MBBS, MS (Orthopedics)",Orthopedic Surgeon,Fortis Escorts Hospital,"392, Jagatpura, Jaipur, Rajasthan - 302673",0141-74629449,+91-9803539867,dr.manoj.gupta@fortis.com,Jaipur,Rajasthan,₹1000-1500,"Mon-Sat: 8 AM - 2 PM, 5 PM - 8 PM","English, Hindi, Hindi",CORRECT_DATA
P044,Dr. Asha Reddy,KMC/85548/2017,"MBBS, MD (Dermatology)",Dermatologist,Manipal Hospital Whitefield,"557, HSR Layout, Bangalore, Karnataka - 560698",080-66339887,+91-9718325478,dr.asha.reddy@manipal.com,Bangalore,Karnataka,₹500-800,Mon-Fri: 10 AM - 6 PM,"English, Hindi, Kannada",CORRECT_DATA
P045,Dr. Manoj Nair,UPMC/13706/2018,"MBBS, MS (Obstetrics & Gynaecology)",Gynecologist,SGPGIMS,"390, Alambagh, Lucknow, Uttar Pradesh - 226961",0522-43797394,+91-7190027357,dr.manoj.nair@sgpgims.com,Lucknow,Uttar Pradesh,₹500-800,"Mon-Sat: 8 AM - 2 PM, 5 PM - 8 PM","English, Hindi, Hindi",CORRECT_DATA
P046,Dr. Pooja Menon,MMC/36747/2015,"MBBS, DLO",ENT Specialist,Ruby Hall Clinic,"763, Kothrud, Pune, Maharashtra - 411902",020-79978471,+91-737413141,dr.pooja.menon@ruby.com,Pune,Maharashtra,₹500-800,Mon-Fri: 10 AM - 6 PM,"English, Hindi, Marathi",CORRECT_DATA
P047,Dr. Nitin Reddy,KMC/64997/2017,"MBBS, MD (Medicine)",General Physician,Manipal Hospital Whitefield,"524, Whitefield, Bangalore, Karnataka - 560408",080-81541593,+91-7683891413,dr.nitin.reddy@manipal.com,Bangalore,Karnataka,₹300-500,Tue-Sun: 11 AM - 7 PM,"English, Hindi, Kannada",CORRECT_DATA
P048,Dr. Divya Reddy,DMC/59619/2014,"MBBS, MS (Obstetrics & Gynaecology)",Gynecologist,Fortis Hospital Vasant Kunj,"502, Saket, Delhi, Delhi - 110417",011-43619702,+91-8520307575,dr.divya.reddy@fortis.com,Delhi,Delhi,₹600-1000,Tue-Sun: 11 AM - 7 PM,"English, Hindi",CORRECT_DATA
P049,Dr. Ravi Kulkarni,RMC/59880/2023,"MBBS, MD (Medicine)",General Physician,City Care Bikaner,"182, Gandhi Nagar, Bikaner, Rajasthan - 334783",0151-26273259,+91-6580203970,dr.ravi.kulkarni@city.com,Bikaner,Rajasthan,₹300-500,Mon-Fri: 10 AM - 6 PM,"English, Hindi, Hindi",MULTIPLE_CONFLICTS
P050,Dr. Divya Menon,UPMC/92742/2015,"MBBS, MD (Medicine)",General Physician,Apollo Medics Hospital,"483, Aliganj, Lucknow, Uttar Pradesh - 226106",0522-35947146,+91-6447633796,dr.divya.menon@apollo.com,Lucknow,Uttar Pradesh,₹400-600,Tue-Sun: 11 AM - 7 PM,"English, Hindi, Hindi",MULTIPLE_CONFLICTS
P051,Dr. Sneha Iyer,RMC/13164/2014,"MBBS, MD (Medicine)",General Physician,PBM Hospital,"374, Karni Nagar, Bikaner, Rajasthan - 334496",0151-77887777,+91-7908236115,dr.sneha.iyer@pbm.com,Bikaner,Rajasthan,₹400-600,Mon-Sat: 9 AM - 5 PM,"English, Hindi, Hindi",CORRECT_DATA
P052,Dr. Nitin Verma,RMC/40434/2009,"MBBS, MD (Medicine)",General Physician,Malviya Nagar Clinic,"515, Vaishali Nagar, Jaipur, Rajasthan - 302101",0141-76670402,+91-956246613,dr.nitin.verma@malviya.com,Jaipur,Rajasthan,₹300-500,"Mon-Sat: 8 AM - 2 PM, 5 PM - 8 PM","English, Hindi, Hindi",HOSPITAL_CHANGED
P053,Dr. Suresh Iyer,TNMC/EXPIRED/1995,"MBBS, MD (Pediatrics)",Pediatrician,Apollo Hospital Greams Road,"636, Anna Nagar, Chennai, Tamil Nadu - 600875",044-64181477,+91-8366900721,dr.suresh.iyer@apollo.com,Chennai,Tamil Nadu,₹500-800,"Mon-Fri: 9 AM - 1 PM, 4 PM - 8 PM","English, Hindi, Tamil",REGISTRATION_ISSUE
P054,Dr. Nitin Nair,MMC/63494/2009,"MBBS, MD (Medicine)",General Physician,Deenanath Mangeshkar Hospital,"419, Hinjewadi, Pune, Maharashtra - 411417",020-38949480,+91-6572497776,dr.nitin.nair@deenanath.com,Pune,Maharashtra,₹300-500,Mon-Fri: 10 AM - 6 PM,"English, Hindi, Marathi",OUTDATED_PHONE
P055,Dr. Manoj Sharma,GMC/86406/2011,"BDS, MDS",Dentist,SAL Hospital Drive In,"215, Bodakdev, Ahmedabad, Gujarat - 380935",079-94666167,+91-9261193290,dr.manoj.sharma@sal.com,Ahmedabad,Gujarat,₹600-1000,"Mon-Fri: 9 AM - 1 PM, 4 PM - 8 PM","English, Hindi, Gujarati",CORRECT_DATA
P056,Dr. Kavita Gupta,DMC/53476/2015,"MBBS, MD (Medicine)",General Physician,Capital Clinic,"17, Rohini, Delhi, Delhi - 110553",011-22347999,+91-6274200156,dr.kavita.gupta@capital.com,Delhi,Delhi,₹400-600,Mon-Sat: 9 AM - 5 PM,"English, Hindi",OUTDATED_PHONE
P057,Dr. Karthik Desai,RMC/66520/2021,"MBBS, MD (Medicine)",General Physician,SMS Hospital,"996, Mansarovar, Jaipur, Rajasthan - 302681",0141-31851241,+91-6494299484,dr.karthik.desai@sms.com,Jaipur,Rajasthan,₹300-500,"Mon-Sat: 8 AM - 2 PM, 5 PM - 8 PM","English, Hindi, Hindi",OUTDATED_PHONE
P058,Dr. Asha Pillai,DMC/49982/2022,"MBBS, MD (Medicine)",General Physician,Max Super Speciality Saket,"511, Lajpat Nagar, Delhi, Delhi - 110349",011-64288180,+91-9173878467,dr.asha.pillai@max.com,Delhi,Delhi,₹400-600,"Mon-Fri: 9 AM - 1 PM, 4 PM - 8 PM","English, Hindi",CORRECT_DATA
P059,Dr. Kavita Desai,TNMC/64785/2010,"MBBS, MD (Medicine)",General Physician,Apollo Hospital Greams Road,"567, OMR, Chennai, Tamil Nadu - 600112",044-47491396,+91-9750898598,dr.kavita.desai@apollo.com,Chennai,Tamil Nadu,₹300-500,"Mon-Sat: 8 AM - 2 PM, 5 PM - 8 PM","English, Hindi, Tamil",HOSPITAL_CHANGED
P060,Dr. Priya Reddy,MMC/27949/2011,"MBBS, DLO",ENT Specialist,Aditya Birla Hospital,"244, Viman Nagar, Pune, Maharashtra - 411876",020-94086962,+91-8231942402,dr.priya.reddy@aditya.com,Pune,Maharashtra,₹500-800,Mon-Sat: 9 AM - 5 PM,"English, Hindi, Marathi",CORRECT_DATA
P061,Dr. Sanjay Kumar,WBMC/12270/2008,"MBBS, MD (Pediatrics)",Pediatrician,Peerless Hospital,"521, Behala, Kolkata, West Bengal - 700433",033-96937770,+91-8243659496,dr.sanjay.kumar@peerless.com,Kolkata,West Bengal,₹500-800,"Mon-Sat: 8 AM - 2 PM, 5 PM - 8 PM","English, Hindi, Bengali",CORRECT_DATA
P062,Dr. Preeti Rao,KMC/47847/2009,"MBBS, DLO",ENT Specialist,Narayana Health City,"317, Whitefield, Bangalore, Karnataka - 560224",080-94757855,+91-7196031043,dr.preeti.rao@narayana.com,Bangalore,Karnataka,₹600-1000,Mon-Fri: 10 AM - 6 PM,"English, Hindi, Kannada",MOVED_ADDRESS
P063,Dr. Karthik Verma,TSMC/42327/2013,"MBBS, MD (Dermatology)",Dermatologist,Sunrise Clinic,"952, Gachibowli, Hyderabad, Telangana - 500166",040-30157642,+91-6320803304,dr.karthik.verma@sunrise.com,Hyderabad,Telangana,₹600-1000,"Mon-Sat: 8 AM - 2 PM, 5 PM - 8 PM","English, Hindi, Telugu",MULTIPLE_CONFLICTS
P064,Dr. Nisha Mehta,TSMC/79470/2008,"MBBS, MD (Pediatrics)",Pediatrician,Continental Hospital Gachibowli,"286, Kukatpally, Hyderabad, Telangana - 500916",040-58139073,+91-8788894728,dr.nisha.mehta@continental.com,Hyderabad,Telangana,₹600-1000,Mon-Fri: 10 AM - 6 PM,"English, Hindi, Telugu",CORRECT_DATA
P065,Dr. Deepak Iyer,TSMC/40317/2021,"MBBS, MD (Dermatology)",Dermatologist,Metro Care,"575, Secunderabad, Hyderabad, Telangana - 500365",040-45880021,+91-867204160,dr.deepak.iyer@metro.com,Hyderabad,Telangana,₹600-1000,"Mon-Sat: 8 AM - 2 PM, 5 PM - 8 PM","English, Hindi, Telugu",CORRECT_DATA
P066,Dr. Divya Patel,TSMC/40435/2021,"MBBS, MS (Orthopedics)",Orthopedic Surgeon,Apollo Hospital Jubilee Hills,"523, Gachibowli, Hyderabad, Telangana - 500600",040-26501069,+91-6887302788,dr.divya.patel@apollo.com,Hyderabad,Telangana,₹800-1200,"Mon-Sat: 8 AM - 2 PM, 5 PM - 8 PM","English, Hindi, Telugu",OUTDATED_PHONE
P067,Dr. Sunita Kulkarni,TNMC/27075/2014,"MBBS, MD (Medicine)",General Physician,Apollo Hospital Greams Road,"29, Adyar, Chennai, Tamil Nadu - 600695",044-29249462,+91-6324248431,dr.sunita.kulkarni@apollo.com,Chennai,Tamil Nadu,₹300-500,"Mon-Sat: 8 AM - 2 PM, 5 PM - 8 PM","English, Hindi, Tamil",MULTIPLE_CONFLICTS
P068,Dr. Preeti Joshi,MMC/93434/2016,"MBBS, MS (Obstetrics & Gynaecology)",Gynecologist,Model Hospital,"544, Deccan, Pune, Maharashtra - 411266",020-85267919,+91-9580600518,dr.preeti.joshi@model.com,Pune,Maharashtra,₹600-1000,Mon-Fri: 10 AM - 6 PM,"English, Hindi, Marathi",CORRECT_DATA
P069,Dr. Ravi Singh,RMC/37923/2012,"MBBS, MS (Obstetrics & Gynaecology)",Gynecologist,Eternal Heart Care,"807, Jagatpura, Jaipur, Rajasthan - 302424",0141-62360431,+91-774000422,dr.ravi.singh@eternal.com,Jaipur,Rajasthan,₹500-800,Mon-Fri: 10 AM - 6 PM,"English, Hindi, Hindi",MOVED_ADDRESS
P070,Dr. Preeti Agarwal,MMC/91042/2019,"MBBS, MD (Pediatrics)",Pediatrician,Hinduja Hospital Khar,"696, Churchgate, Mumbai, Maharashtra - 400668",022-68523670,+91-9614759656,dr.preeti.agarwal@hinduja.com,Mumbai,Maharashtra,₹600-1000,Tue-Sun: 11 AM - 7 PM,"English, Hindi, Marathi",CORRECT_DATA
P071,Dr. Sneha Patel,RMC/48007/2017,"MBBS, MD (Medicine)",General Physician,Royal Hospital,"822, Ganga Shahar, Bikaner, Rajasthan - 334349",0151-36549835,+91-6922468127,dr.sneha.patel@royal.com,Bikaner,Rajasthan,₹400-600,Mon-Sat: 9 AM - 5 PM,"English, Hindi, Hindi",OUTDATED_PHONE
P072,Dr. Nitin Reddy,WBMC/43431/2012,"MBBS, MD (Pediatrics)",Pediatrician,AMRI Hospital Salt Lake,"510, Ballygunge, Kolkata, West Bengal - 700368",033-86611815,+91-7964773951,dr.nitin.reddy@amri.com,Kolkata,West Bengal,₹600-1000,Mon-Sat: 9 AM - 5 PM,"English, Hindi, Bengali",CORRECT_DATA
P073,Dr. Rahul Agarwal,RMC/11500/2018,"MBBS, DLO",ENT Specialist,Narayana Multispeciality Hospital,"917, Mansarovar, Jaipur, Rajasthan - 302282",0141-99176036,+91-9886379327,dr.rahul.agarwal@narayana.com,Jaipur,Rajasthan,₹500-800,Tue-Sun: 11 AM - 7 PM,"English, Hindi, Hindi",CORRECT_DATA
P074,Dr. Praveen Kulkarni,MMC/17260/2021,"MBBS, MD (Medicine)",General Physician,Ruby Hall Clinic,"284, Koregaon Park, Pune, Maharashtra - 411496",020-95908560,+91-779599460,dr.praveen.kulkarni@ruby.com,Pune,Maharashtra,₹400-600,Mon-Fri: 10 AM - 6 PM,"English, Hindi, Marathi",CORRECT_DATA
P075,Dr. Ravi Reddy,TNMC/80403/2009,"MBBS, MS (Ophthalmology)",Ophthalmologist,Beach Care Hospital,"466, Nungambakkam, Chennai, Tamil Nadu - 600637",044-69330259,+91-8460426380,dr.ravi.reddy@beach.com,Chennai,Tamil Nadu,₹600-1000,Tue-Sun: 11 AM - 7 PM,"English, Hindi, Tamil",MOVED_ADDRESS
P076,Dr. Priya Desai,KMC/97318/2008,"MBBS, MD (Medicine)",General Physician,Fortis Hospital Bannerghatta,"177, BTM Layout, Bangalore, Karnataka - 560507",080-81317011,+91-9118780145,dr.priya.desai@fortis.com,Bangalore,Karnataka,₹400-600,Tue-Sun: 11 AM - 7 PM,"English, Hindi, Kannada",HOSPITAL_CHANGED
P077,Dr. Deepak Kumar,RMC/30606/2016,"MBBS, MS (Orthopedics)",Orthopedic Surgeon,Royal Hospital,"433, Karni Nagar, Bikaner, Rajasthan - 334764",0151-21505700,+91-6294428094,dr.deepak.kumar@royal.com,Bikaner,Rajasthan,₹800-1200,Mon-Sat: 9 AM - 5 PM,"English, Hindi, Hindi",MULTIPLE_CONFLICTS
P078,Dr. Divya Verma,RMC/82087/2023,"MBBS, MD, DM (Neurology)",Neurologist,Sadul Hospital,"954, Sadul Ganj, Bikaner, Rajasthan - 334892",0151-56321953,+91-8146545127,dr.divya.verma@sadul.com,Bikaner,Rajasthan,₹500-800,"Mon-Sat: 8 AM - 2 PM, 5 PM - 8 PM","English, Hindi, Hindi",CORRECT_DATA
P079,Dr. Deepak Desai,RMC/75025/2018,"MBBS, MD (Medicine)",General Physician,Pink City Hospital,"56, Tonk Road, Jaipur, Rajasthan - 302882",0141-39877305,+91-6595339330,dr.deepak.desai@pink.com,Jaipur,Rajasthan,₹400-600,"Mon-Fri: 9 AM - 1 PM, 4 PM - 8 PM","English, Hindi, Hindi",MULTIPLE_CONFLICTS
P080,Dr. Sunita Pillai,WBMC/17010/2023,"MBBS, MS (Obstetrics & Gynaecology)",Gynecologist,Fortis Hospital Anandapur,"594, New Town, Kolkata, West Bengal - 700906",033-68771724,+91-7132258382,dr.sunita.pillai@fortis.com,Kolkata,West Bengal,₹500-800,"Mon-Fri: 9 AM - 1 PM, 4 PM - 8 PM","English, Hindi, Bengali",CORRECT_DATA
P081,Dr. Nisha Nair,GMC/79566/2012,"MBBS, MD (Medicine)",General Physician,West Zone Hospital,"911, Vastrapur, Ahmedabad, Gujarat - 380182",079-37916915,+91-6853076710,dr.nisha.nair@west.com,Ahmedabad,Gujarat,₹400-600,Tue-Sun: 11 AM - 7 PM,"English, Hindi, Gujarati",OUTDATED_PHONE
P082,Dr. Nisha Joshi,WBMC/32141/2015,"MBBS, MD, DM (Neurology)",Neurologist,Medica Superspecialty,"208, Ballygunge, Kolkata, West Bengal - 700609",033-31905458,+91-6843271466,dr.nisha.joshi@medica.com,Kolkata,West Bengal,₹600-1000,Mon-Sat: 9 AM - 5 PM,"English, Hindi, Bengali",OUTDATED_PHONE
P083,Dr. Ashok Patel,GMC/41627/2022,"MBBS, MD, DM (Cardiology)",Cardiologist,West Zone Hospital,"95, Satellite, Ahmedabad, Gujarat - 380673",079-98437926,+91-9214762770,dr.ashok.patel@west.com,Ahmedabad,Gujarat,₹1200-2000,Mon-Sat: 9 AM - 5 PM,"English, Hindi, Gujarati",CORRECT_DATA
P084,Dr. Ashok Patel,UPMC/12432/2013,"MBBS, MS (Obstetrics & Gynaecology)",Gynecologist,SGPGIMS,"861, Gomti Nagar, Lucknow, Uttar Pradesh - 226534",0522-69953190,+91-7362480840,dr.ashok.patel@sgpgims.com,Lucknow,Uttar Pradesh,₹600-1000,Tue-Sun: 11 AM - 7 PM,"English, Hindi, Hindi",CORRECT_DATA
P085,Dr. Anjali Agarwal,RMC/88998/2011,"BDS, MDS",Dentist,Pink City Hospital,"776, Jagatpura, Jaipur, Rajasthan - 302280",0141-30412366,+91-6301906026,dr.anjali.agarwal@pink.com,Jaipur,Rajasthan,₹600-1000,Tue-Sun: 11 AM - 7 PM,"English, Hindi, Hindi",MULTIPLE_CONFLICTS
P086,Dr. Amit Kumar,RMC/91645/2011,"MBBS, MD (Pediatrics)",Pediatrician,CK Birla Hospital RBH,"549, Jagatpura, Jaipur, Rajasthan - 302934",0141-91700680,+91-994618944,dr.amit.kumar@ck.com,Jaipur,Rajasthan,₹500-800,Tue-Sun: 11 AM - 7 PM,"English, Hindi, Hindi",CORRECT_DATA
P087,Dr. Sunita Patel,RMC/92055/2021,"MBBS, MD, DM (Cardiology)",Cardiologist,SMS Hospital,"312, Tonk Road, Jaipur, Rajasthan - 302735",0141-96968066,+91-7556569407,dr.sunita.patel@sms.com,Jaipur,Rajasthan,₹1000-1500,Tue-Sun: 11 AM - 7 PM,"English, Hindi, Hindi",MOVED_ADDRESS
P088,Dr. Pooja Desai,TSMC/57630/2016,"MBBS, MD (Pediatrics)",Pediatrician,Apollo Hospital Jubilee Hills,"881, Secunderabad, Hyderabad, Telangana - 500434",040-77906580,+91-9642423519,dr.pooja.desai@apollo.com,Hyderabad,Telangana,₹500-800,"Mon-Fri: 9 AM - 1 PM, 4 PM - 8 PM","English, Hindi, Telugu",CORRECT_DATA
P089,Dr. Priya Kulkarni,DMC/43871/2011,"MBBS, DLO",ENT Specialist,Max Super Speciality Saket,"867, Lajpat Nagar, Delhi, Delhi - 110611",011-48240180,+91-7350956801,dr.priya.kulkarni@max.com,Delhi,Delhi,₹600-1000,Mon-Fri: 10 AM - 6 PM,"English, Hindi",MOVED_ADDRESS
P090,Dr. Karthik Joshi,MMC/22190/2010,"MBBS, MD (Pediatrics)",Pediatrician,Breach Candy Hospital,"364, Powai, Mumbai, Maharashtra - 400957",022-66499173,+91-8169858941,dr.karthik.joshi@breach.com,Mumbai,Maharashtra,₹500-800,Mon-Sat: 9 AM - 5 PM,"English, Hindi, Marathi",CORRECT_DATA
P091,Dr. Anjali Iyer,KMC/31500/2016,"MBBS, MS (Orthopedics)",Orthopedic Surgeon,Manipal Hospital Whitefield,"105, MG Road, Bangalore, Karnataka - 560639",080-63397172,+91-8112151876,dr.anjali.iyer@manipal.com,Bangalore,Karnataka,₹1000-1500,Mon-Sat: 9 AM - 5 PM,"English, Hindi, Kannada",CORRECT_DATA
P092,Dr. Meera Rao,TNMC/49892/2016,"MBBS, MS (Ophthalmology)",Ophthalmologist,MIOT International,"913, Nungambakkam, Chennai, Tamil Nadu - 600329",044-53252459,+91-7505150098,dr.meera.rao@miot.com,Chennai,Tamil Nadu,₹600-1000,"Mon-Fri: 9 AM - 1 PM, 4 PM - 8 PM","English, Hindi, Tamil",CORRECT_DATA
P093,Dr. Pooja Joshi,WBMC/31410/2008,"BDS, MDS",Dentist,Park Street Clinic,"342, New Town, Kolkata, West Bengal - 700523",033-54554233,+91-9464936761,dr.pooja.joshi@park.com,Kolkata,West Bengal,₹500-800,Mon-Fri: 10 AM - 6 PM,"English, Hindi, Bengali",CORRECT_DATA
P094,Dr. Neha Sharma,MMC/93610/2017,"MBBS, MS (Obstetrics & Gynaecology)",Gynecologist,Model Hospital,"999, Pimpri, Pune, Maharashtra - 411731",020-39658466,+91-6111380831,dr.neha.sharma@model.com,Pune,Maharashtra,₹500-800,Mon-Sat: 9 AM - 5 PM,"English, Hindi, Marathi",OUTDATED_PHONE
P095,Dr. Pooja Mehta,GMC/72311/2016,"MBBS, MS (Obstetrics & Gynaecology)",Gynecologist,Shalby Hospital SG Highway,"426, SG Highway, Ahmedabad, Gujarat - 380263",079-98946925,+91-9280876697,dr.pooja.mehta@shalby.com,Ahmedabad,Gujarat,₹600-1000,"Mon-Fri: 9 AM - 1 PM, 4 PM - 8 PM","English, Hindi, Gujarati",CORRECT_DATA
P096,Dr. Lakshmi Reddy,RMC/54312/2019,"MBBS, MD (Pediatrics)",Pediatrician,Gandhi Nagar Clinic,"51, Karni Nagar, Bikaner, Rajasthan - 334817",0151-89591113,+91-847887687,dr.lakshmi.reddy@gandhi.com,Bikaner,Rajasthan,₹500-800,"Mon-Sat: 8 AM - 2 PM, 5 PM - 8 PM","English, Hindi, Hindi",CORRECT_DATA
P097,Dr. Nisha Kumar,MMC/47703/2022,"MBBS, MD (Medicine)",General Physician,Breach Candy Hospital,"631, Powai, Mumbai, Maharashtra - 400391",022-31665844,+91-6388552341,dr.nisha.kumar@breach.com,Mumbai,Maharashtra,₹300-500,"Mon-Fri: 9 AM - 1 PM, 4 PM - 8 PM","English, Hindi, Marathi",MULTIPLE_CONFLICTS
P098,Dr. Swati Reddy,WBMC/97715/2016,"MBBS, MD (Medicine)",General Physician,AMRI Hospital Salt Lake,"166, Salt Lake, Kolkata, West Bengal - 700639",033-78856228,+91-7814186294,dr.swati.reddy@amri.com,Kolkata,West Bengal,₹400-600,Mon-Fri: 10 AM - 6 PM,"English, Hindi, Bengali",CORRECT_DATA
P099,Dr. Amit Rao,KMC/63765/2012,"MBBS, MD (Medicine)",General Physician,Apollo Hospital Bangalore,"864, Koramangala, Bangalore, Karnataka - 560295",080-28290930,+91-6162053055,dr.amit.rao@apollo.com,Bangalore,Karnataka,₹300-500,"Mon-Sat: 8 AM - 2 PM, 5 PM - 8 PM","English, Hindi, Kannada",OUTDATED_PHONE
P100,Dr. Manoj Joshi,UPMC/44575/2017,"MBBS, MD (Pediatrics)",Pediatrician,Hazratganj Medical,"885, Aliganj, Lucknow, Uttar Pradesh - 226993",0522-72148962,+91-8429722091,dr.manoj.joshi@hazratganj.com,Lucknow,Uttar Pradesh,₹500-800,Mon-Sat: 9 AM - 5 PM,"English, Hindi, Hindi",CORRECT_DATA
P101,Dr. Arun Verma,KMC/13456/2010,"MBBS, MD (Pediatrics)",Pediatrician,Apollo Hospital Bangalore,"672, HSR Layout, Bangalore, Karnataka - 560748",080-87945456,+91-7580612845,dr.arun.verma@apollo.com,Bangalore,Karnataka,₹600-1000,Mon-Fri: 10 AM - 6 PM,"English, Hindi, Kannada",CORRECT_DATA
P102,Dr. Anjali Reddy,TNMC/30221/2013,"MBBS, MD (Dermatology)",Dermatologist,Kauvery Hospital Alwarpet,"429, Velachery, Chennai, Tamil Nadu - 600763",044-33505430,+91-6890015648,dr.anjali.reddy@kauvery.com,Chennai,Tamil Nadu,₹500-800,"Mon-Fri: 9 AM - 1 PM, 4 PM - 8 PM","English, Hindi, Tamil",OUTDATED_PHONE
P103,Dr. Arun Desai,WBMC/63139/2012,"MBBS, DLO",ENT Specialist,Peerless Hospital,"805, Howrah, Kolkata, West Bengal - 700116",033-98832422,+91-857677060,dr.arun.desai@peerless.com,Kolkata,West Bengal,₹600-1000,"Mon-Sat: 8 AM - 2 PM, 5 PM - 8 PM","English, Hindi, Bengali",MOVED_ADDRESS
P104,Dr. Anjali Joshi,WBMC/43920/2013,"MBBS, MS (Obstetrics & Gynaecology)",Gynecologist,Apollo Gleneagles,"551, Behala, Kolkata, West Bengal - 700424",033-96918934,+91-9639823716,dr.anjali.joshi@apollo.com,Kolkata,West Bengal,₹500-800,"Mon-Fri: 9 AM - 1 PM, 4 PM - 8 PM","English, Hindi, Bengali",CORRECT_DATA
P105,Dr. Rajesh Verma,TNMC/96730/2023,"MBBS, MD (Medicine)",General Physician,Kauvery Hospital Alwarpet,"691, T Nagar, Chennai, Tamil Nadu - 600116",044-24495586,+91-6290984611,dr.rajesh.verma@kauvery.com,Chennai,Tamil Nadu,₹300-500,Tue-Sun: 11 AM - 7 PM,"English, Hindi, Tamil",OUTDATED_PHONE
P106,Dr. Sunita Menon,TNMC/19029/2011,"MBBS, MD (Dermatology)",Dermatologist,Beach Care Hospital,"362, Nungambakkam, Chennai, Tamil Nadu - 600389",044-41351281,+91-9503075126,dr.sunita.menon@beach.com,Chennai,Tamil Nadu,₹600-1000,"Mon-Fri: 9 AM - 1 PM, 4 PM - 8 PM","English, Hindi, Tamil",CORRECT_DATA
P107,Dr. Vikram Reddy,KMC/41902/2017,"MBBS, MD (Medicine)",General Physician,Apollo Hospital Bangalore,"177, Whitefield, Bangalore, Karnataka - 560301",080-60188625,+91-7917042523,dr.vikram.reddy@apollo.com,Bangalore,Karnataka,₹300-500,Mon-Fri: 10 AM - 6 PM,"English, Hindi, Kannada",CORRECT_DATA
P108,Dr. Nitin Kumar,TNMC/54174/2012,"MBBS, MD (Medicine)",General Physician,SIMS Hospital Vadapalani,"829, T Nagar, Chennai, Tamil Nadu - 600703",044-60898340,+91-7682244219,dr.nitin.kumar@sims.com,Chennai,Tamil Nadu,₹400-600,"Mon-Sat: 8 AM - 2 PM, 5 PM - 8 PM","English, Hindi, Tamil",CORRECT_DATA
P109,Dr. Manoj Patel,RMC/29292/2018,"MBBS, MD (Pediatrics)",Pediatrician,Pink City Hospital,"414, C Scheme, Jaipur, Rajasthan - 302665",0141-42275451,+91-9684745739,dr.manoj.patel@pink.com,Jaipur,Rajasthan,₹600-1000,Tue-Sun: 11 AM - 7 PM,"English, Hindi, Hindi",MOVED_ADDRESS
P110,Dr. Meera Singh,RMC/35411/2021,"MBBS, MS (Ophthalmology)",Ophthalmologist,Gandhi Nagar Clinic,"938, Karni Nagar, Bikaner, Rajasthan - 334857",0151-97574186,+91-9886494936,dr.meera.singh@gandhi.com,Bikaner,Rajasthan,₹500-800,Mon-Sat: 9 AM - 5 PM,"English, Hindi, Hindi",CORRECT_DATA
P111,Dr. Nisha Kulkarni,GMC/56639/2019,"MBBS, MS (Ophthalmology)",Ophthalmologist,SAL Hospital Drive In,"806, Bodakdev, Ahmedabad, Gujarat - 380912",079-95628136,+91-838298171,dr.nisha.kulkarni@sal.com,Ahmedabad,Gujarat,₹500-800,Tue-Sun: 11 AM - 7 PM,"English, Hindi, Gujarati",CORRECT_DATA
P112,Dr. Neha Nair,WBMC/49340/2018,"MBBS, DLO",ENT Specialist,Park Street Clinic,"182, Howrah, Kolkata, West Bengal - 700172",033-37350590,+91-6260709055,dr.neha.nair@park.com,Kolkata,West Bengal,₹500-800,"Mon-Sat: 8 AM - 2 PM, 5 PM - 8 PM","English, Hindi, Bengali",OUTDATED_PHONE
P113,Dr. Lakshmi Kumar,MMC/13908/2018,"MBBS, MD (Medicine)",General Physician,Breach Candy Hospital,"747, Borivali, Mumbai, Maharashtra - 400456",022-35656149,+91-6365680286,dr.lakshmi.kumar@breach.com,Mumbai,Maharashtra,₹400-600,"Mon-Sat: 8 AM - 2 PM, 5 PM - 8 PM","English, Hindi, Marathi",OUTDATED_PHONE
P114,Dr. Vikram Verma,RMC/25908/2009,"MBBS, MD (Medicine)",General Physician,Sadul Hospital,"513, Jail Road, Bikaner, Rajasthan - 334470",0151-31093683,+91-6822945647,dr.vikram.verma@sadul.com,Bikaner,Rajasthan,₹300-500,Mon-Fri: 10 AM - 6 PM,"English, Hindi, Hindi",OUTDATED_PHONE
P115,Dr. Karthik Rao,KMC/45573/2013,"BDS, MDS",Dentist,Narayana Health City,"15, Jayanagar, Bangalore, Karnataka - 560584",080-76302973,+91-9970329162,dr.karthik.rao@narayana.com,Bangalore,Karnataka,₹500-800,Mon-Sat: 9 AM - 5 PM,"English, Hindi, Kannada",CORRECT_DATA
P116,Dr. Anand Verma,GMC/70295/2012,"MBBS, MD (Pediatrics)",Pediatrician,Shalby Hospital SG Highway,"41, SG Highway, Ahmedabad, Gujarat - 380634",079-54227253,+91-8571483094,dr.anand.verma@shalby.com,Ahmedabad,Gujarat,₹500-800,Mon-Sat: 9 AM - 5 PM,"English, Hindi, Gujarati",CORRECT_DATA
P117,Dr. Ashok Pillai,TSMC/10003/2023,"MBBS, MD (Medicine)",General Physician,Metro Care,"155, Secunderabad, Hyderabad, Telangana - 500965",040-71932043,+91-9198381086,dr.ashok.pillai@metro.com,Hyderabad,Telangana,₹400-600,Mon-Fri: 10 AM - 6 PM,"English, Hindi, Telugu",CORRECT_DATA
P118,Dr. Arun Iyer,TSMC/34627/2016,"MBBS, MS (Obstetrics & Gynaecology)",Gynecologist,Metro Care,"903, Madhapur, Hyderabad, Telangana - 500148",040-61032519,+91-837738174,dr.arun.iyer@metro.com,Hyderabad,Telangana,₹600-1000,"Mon-Sat: 8 AM - 2 PM, 5 PM - 8 PM","English, Hindi, Telugu",CORRECT_DATA
P119,Dr. Rajesh Patel,WBMC/25581/2023,"MBBS, MD (Medicine)",General Physician,Fortis Hospital Anandapur,"667, Behala, Kolkata, West Bengal - 700786",033-35114056,+91-6326233790,dr.rajesh.patel@fortis.com,Kolkata,West Bengal,₹300-500,"Mon-Sat: 8 AM - 2 PM, 5 PM - 8 PM","English, Hindi, Bengali",OUTDATED_PHONE
P120,Dr. Kavita Pillai,GMC/41631/2015,"MBBS, MS (Obstetrics & Gynaecology)",Gynecologist,SAL Hospital Drive In,"215, SG Highway, Ahmedabad, Gujarat - 380312",079-86397070,+91-7594696868,dr.kavita.pillai@sal.com,Ahmedabad,Gujarat,₹500-800,"Mon-Sat: 8 AM - 2 PM, 5 PM - 8 PM","English, Hindi, Gujarati",HOSPITAL_CHANGED
P121,Dr. Ashok Gupta,RMC/31099/2022,"MBBS, MD (Medicine)",General Physician,Gandhi Nagar Clinic,"453, Karni Nagar, Bikaner, Rajasthan - 334238",0151-30066451,+91-6173668194,dr.ashok.gupta@gandhi.com,Bikaner,Rajasthan,₹300-500,"Mon-Fri: 9 AM - 1 PM, 4 PM - 8 PM","English, Hindi, Hindi",MULTIPLE_CONFLICTS
P122,Dr. Divya Desai,UPMC/33287/2020,"MBBS, MS (Ophthalmology)",Ophthalmologist,King George Medical University,"686, Gomti Nagar, Lucknow, Uttar Pradesh - 226729",0522-78718387,+91-7300751406,dr.divya.desai@king.com,Lucknow,Uttar Pradesh,₹500-800,"Mon-Fri: 9 AM - 1 PM, 4 PM - 8 PM","English, Hindi, Hindi",CORRECT_DATA
P123,Dr. Deepak Nair,WBMC/77298/2008,"MBBS, MD (Medicine)",General Physician,Medica Superspecialty,"931, Howrah, Kolkata, West Bengal - 700228",033-75077179,+91-8146835248,dr.deepak.nair@medica.com,Kolkata,West Bengal,₹300-500,Mon-Fri: 10 AM - 6 PM,"English, Hindi, Bengali",CORRECT_DATA
P124,Dr. Amit Mehta,KMC/49500/2022,"BDS, MDS",Dentist,Wellness Hospital,"79, BTM Layout, Bangalore, Karnataka - 560850",080-87531413,+91-7674596848,dr.amit.mehta@wellness.com,Bangalore,Karnataka,₹500-800,Mon-Sat: 9 AM - 5 PM,"English, Hindi, Kannada",CORRECT_DATA
P125,Dr. Asha Nair,RMC/16650/2013,"MBBS, MD (Medicine)",General Physician,CK Birla Hospital RBH,"666, C Scheme, Jaipur, Rajasthan - 302728",0141-54960729,+91-8565596868,dr.asha.nair@ck.com,Jaipur,Rajasthan,₹400-600,Mon-Fri: 10 AM - 6 PM,"English, Hindi, Hindi",CORRECT_DATA
P126,Dr. Arun Desai,WBMC/16482/2011,"MBBS, MD (Medicine)",General Physician,Alipore Medical Center,"155, New Town, Kolkata, West Bengal - 700507",033-24538568,+91-6854755035,dr.arun.desai@alipore.com,Kolkata,West Bengal,₹400-600,Tue-Sun: 11 AM - 7 PM,"English, Hindi, Bengali",OUTDATED_PHONE
P127,Dr. Amit Menon,RMC/35266/2008,"MBBS, MD, DM (Cardiology)",Cardiologist,Malviya Nagar Clinic,"497, Raja Park, Jaipur, Rajasthan - 302139",0141-27829590,+91-6940871343,dr.amit.menon@malviya.com,Jaipur,Rajasthan,₹1200-2000,Mon-Sat: 9 AM - 5 PM,"English, Hindi, Hindi",MULTIPLE_CONFLICTS
P128,Dr. Sanjay Singh,RMC/58560/2023,"MBBS, MD (Medicine)",General Physician,Gandhi Nagar Clinic,"635, Gandhi Nagar, Bikaner, Rajasthan - 334352",0151-79966334,+91-8434618282,dr.sanjay.singh@gandhi.com,Bikaner,Rajasthan,₹400-600,"Mon-Fri: 9 AM - 1 PM, 4 PM - 8 PM","English, Hindi, Hindi",CORRECT_DATA
P129,Dr. Preeti Patel,DMC/30920/2020,"MBBS, MD (Pediatrics)",Pediatrician,Capital Clinic,"890, Connaught Place, Delhi, Delhi - 110167",011-53979343,+91-992266738,dr.preeti.patel@capital.com,Delhi,Delhi,₹600-1000,"Mon-Fri: 9 AM - 1 PM, 4 PM - 8 PM","English, Hindi",CORRECT_DATA
P130,Dr. Suresh Joshi,GMC/16687/2008,"MBBS, MD, DM (Cardiology)",Cardiologist,West Zone Hospital,"982, Maninagar, Ahmedabad, Gujarat - 380514",079-58621106,+91-8397233576,dr.suresh.joshi@west.com,Ahmedabad,Gujarat,₹1200-2000,"Mon-Sat: 8 AM - 2 PM, 5 PM - 8 PM","English, Hindi, Gujarati",CORRECT_DATA
P131,Dr. Asha Kulkarni,KMC/31650/2012,"MBBS, MD (Medicine)",General Physician,Wellness Hospital,"36, Whitefield, Bangalore, Karnataka - 560953",080-94755602,+91-7969058648,dr.asha.kulkarni@wellness.com,Bangalore,Karnataka,₹300-500,Mon-Fri: 10 AM - 6 PM,"English, Hindi, Kannada",CORRECT_DATA
P132,Dr. Asha Gupta,WBMC/23428/2011,"MBBS, MD (Medicine)",General Physician,Medica Superspecialty,"70, Ballygunge, Kolkata, West Bengal - 700602",033-86159189,+91-7310278931,dr.asha.gupta@medica.com,Kolkata,West Bengal,₹400-600,"Mon-Fri: 9 AM - 1 PM, 4 PM - 8 PM","English, Hindi, Bengali",CORRECT_DATA
P133,Dr. Ravi Kulkarni,RMC/25693/2015,"MBBS, MS (Obstetrics & Gynaecology)",Gynecologist,SMS Hospital,"990, Mansarovar, Jaipur, Rajasthan - 302369",0141-68549254,+91-7834083876,dr.ravi.kulkarni@sms.com,Jaipur,Rajasthan,₹500-800,Tue-Sun: 11 AM - 7 PM,"English, Hindi, Hindi",CORRECT_DATA
P134,Dr. Pooja Pillai,RMC/69324/2012,"MBBS, MS (Ophthalmology)",Ophthalmologist,Bikaner Medical Center,"78, Gandhi Nagar, Bikaner, Rajasthan - 334859",0151-45290485,+91-9967634370,dr.pooja.pillai@bikaner.com,Bikaner,Rajasthan,₹500-800,"Mon-Sat: 8 AM - 2 PM, 5 PM - 8 PM","English, Hindi, Hindi",CORRECT_DATA
P135,Dr. Preeti Rao,KMC/57442/2020,"MBBS, MD (Medicine)",General Physician,Apollo Hospital Bangalore,"123, HSR Layout, Bangalore, Karnataka - 560705",080-33764139,+91-6818484011,dr.preeti.rao@apollo.com,Bangalore,Karnataka,₹300-500,"Mon-Sat: 8 AM - 2 PM, 5 PM - 8 PM","English, Hindi, Kannada",MULTIPLE_CONFLICTS
P136,Dr. Ajay Singh,GMC/28514/2018,"MBBS, MD (Medicine)",General Physician,Sterling Hospital Memnagar,"34, Maninagar, Ahmedabad, Gujarat - 380702",079-72371373,+91-9833577799,dr.ajay.singh@sterling.com,Ahmedabad,Gujarat,₹400-600,Tue-Sun: 11 AM - 7 PM,"English, Hindi, Gujarati",MOVED_ADDRESS
P137,Dr. Ashok Joshi,DMC/94575/2011,"MBBS, MS (Obstetrics & Gynaecology)",Gynecologist,BLK Hospital,"254, Dwarka, Delhi, Delhi - 110617",011-51130238,+91-7903807931,dr.ashok.joshi@blk.com,Delhi,Delhi,₹600-1000,Tue-Sun: 11 AM - 7 PM,"English, Hindi",CORRECT_DATA
P138,Dr. Nisha Nair,MMC/57269/2016,"MBBS, MD (Medicine)",General Physician,Model Hospital,"943, Pimpri, Pune, Maharashtra - 411673",020-60594597,+91-9404468875,dr.nisha.nair@model.com,Pune,Maharashtra,₹400-600,Tue-Sun: 11 AM - 7 PM,"English, Hindi, Marathi",CORRECT_DATA
P139,Dr. Nitin Agarwal,MMC/55298/2008,"MBBS, MD (Medicine)",General Physician,Fortis Hospital Mulund,"186, Churchgate, Mumbai, Maharashtra - 400420",022-84773833,+91-732846750,dr.nitin.agarwal@fortis.com,Mumbai,Maharashtra,₹300-500,"Mon-Fri: 9 AM - 1 PM, 4 PM - 8 PM","English, Hindi, Marathi",CORRECT_DATA
P140,Dr. Sunita Gupta,TSMC/49314/2016,"MBBS, MS (Obstetrics & Gynaecology)",Gynecologist,Care Hospital Banjara Hills,"760, Secunderabad, Hyderabad, Telangana - 500363",040-27875160,+91-6759797130,dr.sunita.gupta@care.com,Hyderabad,Telangana,₹600-1000,"Mon-Sat: 8 AM - 2 PM, 5 PM - 8 PM","English, Hindi, Telugu",OUTDATED_PHONE
P141,Dr. Kavita Singh,RMC/74760/2018,"MBBS, MS (Obstetrics & Gynaecology)",Gynecologist,Eternal Heart Care,"229, Mansarovar, Jaipur, Rajasthan - 302880",0141-21718667,+91-6588501461,dr.kavita.singh@eternal.com,Jaipur,Rajasthan,₹500-800,"Mon-Fri: 9 AM - 1 PM, 4 PM - 8 PM","English, Hindi, Hindi",OUTDATED_PHONE
P142,Dr. Preeti Nair,MMC/63308/2010,"MBBS, MS (Obstetrics & Gynaecology)",Gynecologist,Koregaon Park Clinic,"929, Viman Nagar, Pune, Maharashtra - 411999",020-34610969,+91-6469603713,dr.preeti.nair@koregaon.com,Pune,Maharashtra,₹600-1000,"Mon-Sat: 8 AM - 2 PM, 5 PM - 8 PM","English, Hindi, Marathi",MULTIPLE_CONFLICTS
P143,Dr. Divya Rao,RMC/99828/2011,"MBBS, MS (Ophthalmology)",Ophthalmologist,Bikaner Medical Center,"766, Ganga Shahar, Bikaner, Rajasthan - 334385",0151-77858213,+91-7335490503,dr.divya.rao@bikaner.com,Bikaner,Rajasthan,₹600-1000,"Mon-Sat: 8 AM - 2 PM, 5 PM - 8 PM","English, Hindi, Hindi",CORRECT_DATA
P144,Dr. Anand Agarwal,RMC/17211/2011,"MBBS, MD (Medicine)",General Physician,Eternal Heart Care,"893, Malviya Nagar, Jaipur, Rajasthan - 302667",0141-98481281,+91-9885822141,dr.anand.agarwal@eternal.com,Jaipur,Rajasthan,₹300-500,Mon-Sat: 9 AM - 5 PM,"English, Hindi, Hindi",CORRECT_DATA
P145,Dr. Nisha Singh,MMC/83377/2008,"MBBS, MD, DM (Neurology)",Neurologist,Kokilaben Dhirubhai Ambani,"627, Borivali, Mumbai, Maharashtra - 400154",022-30526325,+91-6309467407,dr.nisha.singh@kokilaben.com,Mumbai,Maharashtra,₹500-800,"Mon-Fri: 9 AM - 1 PM, 4 PM - 8 PM","English, Hindi, Marathi",MULTIPLE_CONFLICTS
P146,Dr. Rahul Mehta,KMC/90972/2014,"MBBS, DLO",ENT Specialist,Columbia Asia Hebbal,"397, Koramangala, Bangalore, Karnataka - 560625",080-79699696,+91-7994527502,dr.rahul.mehta@columbia.com,Bangalore,Karnataka,₹500-800,Mon-Sat: 9 AM - 5 PM,"English, Hindi, Kannada",MOVED_ADDRESS
P147,Dr. Deepak Gupta,RMC/92594/2010,"MBBS, MD (Medicine)",General Physician,Pink City Hospital,"776, Vaishali Nagar, Jaipur, Rajasthan - 302366",0141-21868479,+91-6589127684,dr.deepak.gupta@pink.com,Jaipur,Rajasthan,₹300-500,"Mon-Sat: 8 AM - 2 PM, 5 PM - 8 PM","English, Hindi, Hindi",OUTDATED_PHONE
P148,Dr. Anjali Agarwal,RMC/10334/2018,"MBBS, MD (Medicine)",General Physician,PBM Hospital,"74, Karni Nagar, Bikaner, Rajasthan - 334137",0151-44846248,+91-7331539378,dr.anjali.agarwal@pbm.com,Bikaner,Rajasthan,₹300-500,Mon-Fri: 10 AM - 6 PM,"English, Hindi, Hindi",HOSPITAL_CHANGED
P149,Dr. Preeti Agarwal,MMC/38299/2012,"MBBS, MS (Obstetrics & Gynaecology)",Gynecologist,Lilavati Hospital,"229, Andheri West, Mumbai, Maharashtra - 400986",022-47741140,+91-9883380516,dr.preeti.agarwal@lilavati.com,Mumbai,Maharashtra,₹600-1000,Mon-Sat: 9 AM - 5 PM,"English, Hindi, Marathi",CORRECT_DATA
P150,Dr. Rahul Gupta,MMC/60609/2013,"MBBS, MD (Medicine)",General Physician,Deenanath Mangeshkar Hospital,"67, Viman Nagar, Pune, Maharashtra - 411771",020-25097358,+91-6732021783,dr.rahul.gupta@deenanath.com,Pune,Maharashtra,₹300-500,Tue-Sun: 11 AM - 7 PM,"English, Hindi, Marathi",MULTIPLE_CONFLICTS
P151,Dr. Preeti Mehta,DMC/99482/2019,"MBBS, MD (Pediatrics)",Pediatrician,Fortis Hospital Vasant Kunj,"732, Saket, Delhi, Delhi - 110917",011-68315509,+91-953261265,dr.preeti.mehta@fortis.com,Delhi,Delhi,₹600-1000,"Mon-Fri: 9 AM - 1 PM, 4 PM - 8 PM","English, Hindi",CORRECT_DATA
P152,Dr. Deepak Nair,TSMC/31266/2016,"MBBS, MD (Pediatrics)",Pediatrician,Yashoda Hospital Secunderabad,"677, Secunderabad, Hyderabad, Telangana - 500280",040-87532903,+91-7210578996,dr.deepak.nair@yashoda.com,Hyderabad,Telangana,₹500-800,"Mon-Sat: 8 AM - 2 PM, 5 PM - 8 PM","English, Hindi, Telugu",MOVED_ADDRESS
P153,Dr. Priya Kumar,WBMC/23625/2010,"MBBS, MD (Pediatrics)",Pediatrician,Alipore Medical Center,"580, Park Street, Kolkata, West Bengal - 700907",033-40739428,+91-9128791301,dr.priya.kumar@alipore.com,Kolkata,West Bengal,₹500-800,"Mon-Sat: 8 AM - 2 PM, 5 PM - 8 PM","English, Hindi, Bengali",CORRECT_DATA
P154,Dr. Priya Gupta,TSMC/58578/2013,"MBBS, MD (Pediatrics)",Pediatrician,Sunrise Clinic,"66, Jubilee Hills, Hyderabad, Telangana - 500443",040-79148135,+91-7582224181,dr.priya.gupta@sunrise.com,Hyderabad,Telangana,₹500-800,Mon-Fri: 10 AM - 6 PM,"English, Hindi, Telugu",CORRECT_DATA
P155,Dr. Karthik Reddy,TNMC/11902/2014,"MBBS, MS (Obstetrics & Gynaecology)",Gynecologist,City Medical Center,"359, Anna Nagar, Chennai, Tamil Nadu - 600685",044-76698376,+91-9893383584,dr.karthik.reddy@city.com,Chennai,Tamil Nadu,₹600-1000,"Mon-Sat: 8 AM - 2 PM, 5 PM - 8 PM","English, Hindi, Tamil",CORRECT_DATA
P156,Dr. Pooja Agarwal,UPMC/22017/2010,"MBBS, MD (Medicine)",General Physician,King George Medical University,"617, Alambagh, Lucknow, Uttar Pradesh - 226635",0522-53619886,+91-9103364344,dr.pooja.agarwal@king.com,Lucknow,Uttar Pradesh,₹300-500,Tue-Sun: 11 AM - 7 PM,"English, Hindi, Hindi",CORRECT_DATA
P157,Dr. Neha Menon,TNMC/83237/2016,"MBBS, MD, DM (Neurology)",Neurologist,MIOT International,"23, Adyar, Chennai, Tamil Nadu - 600462",044-88941953,+91-7299799843,dr.neha.menon@miot.com,Chennai,Tamil Nadu,₹500-800,Mon-Sat: 9 AM - 5 PM,"English, Hindi, Tamil",CORRECT_DATA
P158,Dr. Karthik Desai,DMC/69671/2023,"MBBS, MD (Medicine)",General Physician,Apollo Hospital Sarita Vihar,"999, Saket, Delhi, Delhi - 110427",011-90680182,+91-846370832,dr.karthik.desai@apollo.com,Delhi,Delhi,₹300-500,Tue-Sun: 11 AM - 7 PM,"English, Hindi",CORRECT_DATA
P159,Dr. Meera Rao,TSMC/92581/2012,"MBBS, MD (Dermatology)",Dermatologist,Metro Care,"789, Kukatpally, Hyderabad, Telangana - 500344",040-70374874,+91-8793194868,dr.meera.rao@metro.com,Hyderabad,Telangana,₹500-800,Mon-Sat: 9 AM - 5 PM,"English, Hindi, Telugu",CORRECT_DATA
P160,Dr. Sunita Kumar,RMC/62878/2014,"MBBS, DLO",ENT Specialist,Narayana Multispeciality Hospital,"724, Malviya Nagar, Jaipur, Rajasthan - 302625",0141-27679476,+91-6718496352,dr.sunita.kumar@narayana.com,Jaipur,Rajasthan,₹500-800,"Mon-Sat: 8 AM - 2 PM, 5 PM - 8 PM","English, Hindi, Hindi",OUTDATED_PHONE
P161,Dr. Rahul Patel,DMC/13060/2009,"MBBS, MS (Orthopedics)",Orthopedic Surgeon,Max Super Speciality Saket,"227, Dwarka, Delhi, Delhi - 110519",011-71423438,+91-9832264762,dr.rahul.patel@max.com,Delhi,Delhi,₹1000-1500,Tue-Sun: 11 AM - 7 PM,"English, Hindi",CORRECT_DATA
P162,Dr. Nitin Nair,RMC/65812/2023,"MBBS, MS (Obstetrics & Gynaecology)",Gynecologist,Fortis Escorts Hospital,"338, Jagatpura, Jaipur, Rajasthan - 302985",0141-85442303,+91-9450230386,dr.nitin.nair@fortis.com,Jaipur,Rajasthan,₹500-800,Tue-Sun: 11 AM - 7 PM,"English, Hindi, Hindi",CORRECT_DATA
P163,Dr. Asha Rao,TNMC/50823/2008,"MBBS, MS (Ophthalmology)",Ophthalmologist,SIMS Hospital Vadapalani,"485, Anna Nagar, Chennai, Tamil Nadu - 600261",044-27383021,+91-6761234035,dr.asha.rao@sims.com,Chennai,Tamil Nadu,₹600-1000,"Mon-Fri: 9 AM - 1 PM, 4 PM - 8 PM","English, Hindi, Tamil",MULTIPLE_CONFLICTS
P164,Dr. Meera Patel,TSMC/20569/2011,"MBBS, MS (Orthopedics)",Orthopedic Surgeon,Metro Care,"703, Secunderabad, Hyderabad, Telangana - 500998",040-40191272,+91-7295479571,dr.meera.patel@metro.com,Hyderabad,Telangana,₹1000-1500,"Mon-Sat: 8 AM - 2 PM, 5 PM - 8 PM","English, Hindi, Telugu",CORRECT_DATA
P165,Dr. Pooja Menon,RMC/86192/2011,"MBBS, MD (Pediatrics)",Pediatrician,CK Birla Hospital RBH,"900, Malviya Nagar, Jaipur, Rajasthan - 302190",0141-61525702,+91-9987575846,dr.pooja.menon@ck.com,Jaipur,Rajasthan,₹600-1000,Mon-Sat: 9 AM - 5 PM,"English, Hindi, Hindi",CORRECT_DATA
P166,Dr. Arun Agarwal,RMC/75380/2023,"MBBS, MD, DM (Neurology)",Neurologist,Sadul Hospital,"992, Gandhi Nagar, Bikaner, Rajasthan - 334667",0151-55905009,+91-9199366160,dr.arun.agarwal@sadul.com,Bikaner,Rajasthan,₹600-1000,"Mon-Sat: 8 AM - 2 PM, 5 PM - 8 PM","English, Hindi, Hindi",CORRECT_DATA
P167,Dr. Priya Desai,TNMC/12078/2019,"MBBS, MS (Orthopedics)",Orthopedic Surgeon,Kauvery Hospital Alwarpet,"262, Velachery, Chennai, Tamil Nadu - 600574",044-53890008,+91-8943138814,dr.priya.desai@kauvery.com,Chennai,Tamil Nadu,₹800-1200,Mon-Fri: 10 AM - 6 PM,"English, Hindi, Tamil",MOVED_ADDRESS
P168,Dr. Suresh Rao,WBMC/97338/2011,"MBBS, MS (Ophthalmology)",Ophthalmologist,Park Street Clinic,"785, Salt Lake, Kolkata, West Bengal - 700907",033-78604886,+91-8383477630,dr.suresh.rao@park.com,Kolkata,West Bengal,₹600-1000,"Mon-Sat: 8 AM - 2 PM, 5 PM - 8 PM","English, Hindi, Bengali",MOVED_ADDRESS
P169,Dr. Nisha Kumar,DMC/80814/2023,"MBBS, DLO",ENT Specialist,Apollo Hospital Sarita Vihar,"837, Greater Kailash, Delhi, Delhi - 110779",011-20033669,+91-6430561000,dr.nisha.kumar@apollo.com,Delhi,Delhi,₹500-800,"Mon-Sat: 8 AM - 2 PM, 5 PM - 8 PM","English, Hindi",OUTDATED_PHONE
P170,Dr. Ravi Reddy,DMC/69064/2020,"MBBS, MD (Pediatrics)",Pediatrician,Capital Clinic,"56, Rohini, Delhi, Delhi - 110809",011-55954655,+91-7603158065,dr.ravi.reddy@capital.com,Delhi,Delhi,₹500-800,"Mon-Fri: 9 AM - 1 PM, 4 PM - 8 PM","English, Hindi",MOVED_ADDRESS
P171,Dr. Priya Mehta,DMC/13161/2020,"MBBS, DLO",ENT Specialist,Metro Hospital,"106, Dwarka, Delhi, Delhi - 110931",011-52666587,+91-7374892473,dr.priya.mehta@metro.com,Delhi,Delhi,₹600-1000,Tue-Sun: 11 AM - 7 PM,"English, Hindi",CORRECT_DATA
P172,Dr. Ritu Agarwal,UPMC/25508/2008,"MBBS, MD (Medicine)",General Physician,Medanta Hospital Lucknow,"423, Indira Nagar, Lucknow, Uttar Pradesh - 226218",0522-64682376,+91-9605672718,dr.ritu.agarwal@medanta.com,Lucknow,Uttar Pradesh,₹400-600,"Mon-Sat: 8 AM - 2 PM, 5 PM - 8 PM","English, Hindi, Hindi",CORRECT_DATA
P173,Dr. Ritu Singh,TSMC/38256/2015,"MBBS, MD (Medicine)",General Physician,KIMS Hospital Begumpet,"425, Jubilee Hills, Hyderabad, Telangana - 500162",040-70244847,+91-7985799596,dr.ritu.singh@kims.com,Hyderabad,Telangana,₹400-600,"Mon-Fri: 9 AM - 1 PM, 4 PM - 8 PM","English, Hindi, Telugu",CORRECT_DATA
P174,Dr. Swati Rao,WBMC/37098/2018,"MBBS, MD (Pediatrics)",Pediatrician,Medica Superspecialty,"360, Alipore, Kolkata, West Bengal - 700756",033-96351730,+91-7293309473,dr.swati.rao@medica.com,Kolkata,West Bengal,₹500-800,"Mon-Fri: 9 AM - 1 PM, 4 PM - 8 PM","English, Hindi, Bengali",CORRECT_DATA
P175,Dr. Deepak Gupta,UPMC/70996/2014,"MBBS, MD (Medicine)",General Physician,King George Medical University,"969, Alambagh, Lucknow, Uttar Pradesh - 226107",0522-74867493,+91-8692965564,dr.deepak.gupta@king.com,Lucknow,Uttar Pradesh,₹400-600,"Mon-Sat: 8 AM - 2 PM, 5 PM - 8 PM","English, Hindi, Hindi",CORRECT_DATA
P176,Dr. Priya Singh,WBMC/15037/2008,"MBBS, MD (Medicine)",General Physician,AMRI Hospital Salt Lake,"456, Behala, Kolkata, West Bengal - 700564",033-56715116,+91-922308085,dr.priya.singh@amri.com,Kolkata,West Bengal,₹300-500,Mon-Sat: 9 AM - 5 PM,"English, Hindi, Bengali",CORRECT_DATA
P177,Dr. Sunita Kumar,MMC/79490/2012,"MBBS, MD (Medicine)",General Physician,Aditya Birla Hospital,"342, Kothrud, Pune, Maharashtra - 411326",020-40350108,+91-7186339742,dr.sunita.kumar@aditya.com,Pune,Maharashtra,₹400-600,"Mon-Fri: 9 AM - 1 PM, 4 PM - 8 PM","English, Hindi, Marathi",CORRECT_DATA
P178,Dr. Suresh Joshi,MMC/68551/2015,"MBBS, MD (Medicine)",General Physician,Lilavati Hospital,"778, Borivali, Mumbai, Maharashtra - 400738",022-88157743,+91-8301105012,dr.suresh.joshi@lilavati.com,Mumbai,Maharashtra,₹400-600,"Mon-Fri: 9 AM - 1 PM, 4 PM - 8 PM","English, Hindi, Marathi",CORRECT_DATA
P179,Dr. Sanjay Nair,UPMC/74027/2017,"MBBS, MD, DM (Cardiology)",Cardiologist,Medanta Hospital Lucknow,"939, Hazratganj, Lucknow, Uttar Pradesh - 226672",0522-28800135,+91-6488978845,dr.sanjay.nair@medanta.com,Lucknow,Uttar Pradesh,₹1200-2000,Mon-Sat: 9 AM - 5 PM,"English, Hindi, Hindi",OUTDATED_PHONE
P180,Dr. Ravi Agarwal,KMC/43571/2023,"MBBS, MS (Orthopedics)",Orthopedic Surgeon,Columbia Asia Hebbal,"369, BTM Layout, Bangalore, Karnataka - 560190",080-60000651,+91-8190550347,dr.ravi.agarwal@columbia.com,Bangalore,Karnataka,₹800-1200,"Mon-Sat: 8 AM - 2 PM, 5 PM - 8 PM","English, Hindi, Kannada",CORRECT_DATA
P181,Dr. Ajay Gupta,RMC/46093/2017,"MBBS, MD (Medicine)",General Physician,Gandhi Nagar Clinic,"442, Station Road, Bikaner, Rajasthan - 334257",0151-35904521,+91-612474613,dr.ajay.gupta@gandhi.com,Bikaner,Rajasthan,₹300-500,Tue-Sun: 11 AM - 7 PM,"English, Hindi, Hindi",MULTIPLE_CONFLICTS
P182,Dr. Praveen Kumar,KMC/32249/2023,"MBBS, MS (Orthopedics)",Orthopedic Surgeon,Apollo Hospital Bangalore,"809, Koramangala, Bangalore, Karnataka - 560635",080-88843988,+91-851479682,dr.praveen.kumar@apollo.com,Bangalore,Karnataka,₹1000-1500,"Mon-Sat: 8 AM - 2 PM, 5 PM - 8 PM","English, Hindi, Kannada",MOVED_ADDRESS
P183,Dr. Swati Kulkarni,RMC/56630/2023,"MBBS, MD (Medicine)",General Physician,Pink City Hospital,"233, Raja Park, Jaipur, Rajasthan - 302765",0141-89405442,+91-785971153,dr.swati.kulkarni@pink.com,Jaipur,Rajasthan,₹400-600,"Mon-Sat: 8 AM - 2 PM, 5 PM - 8 PM","English, Hindi, Hindi",CORRECT_DATA
P184,Dr. Pooja Menon,KMC/97814/2008,"MBBS, MD (Medicine)",General Physician,Columbia Asia Hebbal,"74, BTM Layout, Bangalore, Karnataka - 560688",080-32407739,+91-6947444564,dr.pooja.menon@columbia.com,Bangalore,Karnataka,₹400-600,"Mon-Fri: 9 AM - 1 PM, 4 PM - 8 PM","English, Hindi, Kannada",OUTDATED_PHONE
P185,Dr. Amit Menon,RMC/93761/2012,"MBBS, MS (Ophthalmology)",Ophthalmologist,Malviya Nagar Clinic,"957, Mansarovar, Jaipur, Rajasthan - 302863",0141-33901296,+91-6495789476,dr.amit.menon@malviya.com,Jaipur,Rajasthan,₹600-1000,"Mon-Sat: 8 AM - 2 PM, 5 PM - 8 PM","English, Hindi, Hindi",MULTIPLE_CONFLICTS
P186,Dr. Sanjay Patel,RMC/98130/2014,"MBBS, MD (Medicine)",General Physician,CK Birla Hospital RBH,"947, Vaishali Nagar, Jaipur, Rajasthan - 302872",0141-22606908,+91-6939158484,dr.sanjay.patel@ck.com,Jaipur,Rajasthan,₹400-600,"Mon-Fri: 9 AM - 1 PM, 4 PM - 8 PM","English, Hindi, Hindi",OUTDATED_PHONE
P187,Dr. Pooja Rao,TSMC/67772/2016,"MBBS, MS (Obstetrics & Gynaecology)",Gynecologist,KIMS Hospital Begumpet,"714, Banjara Hills, Hyderabad, Telangana - 500483",040-85146771,+91-82460140,dr.pooja.rao@kims.com,Hyderabad,Telangana,₹600-1000,Tue-Sun: 11 AM - 7 PM,"English, Hindi, Telugu",CORRECT_DATA
P188,Dr. Pooja Iyer,RMC/49971/2013,"MBBS, DLO",ENT Specialist,City Care Bikaner,"48, Ganga Shahar, Bikaner, Rajasthan - 334273",0151-74341812,+91-7529041674,dr.pooja.iyer@city.com,Bikaner,Rajasthan,₹600-1000,"Mon-Fri: 9 AM - 1 PM, 4 PM - 8 PM","English, Hindi, Hindi",CORRECT_DATA
P189,Dr. Preeti Patel,WBMC/80656/2023,"MBBS, MD (Medicine)",General Physician,Apollo Gleneagles,"6, Behala, Kolkata, West Bengal - 700965",033-70571723,+91-8441139512,dr.preeti.patel@apollo.com,Kolkata,West Bengal,₹400-600,Mon-Fri: 10 AM - 6 PM,"English, Hindi, Bengali",CORRECT_DATA
P190,Dr. Manoj Kulkarni,MMC/69830/2011,"MBBS, MD (Medicine)",General Physician,Suburban Clinic,"819, Worli, Mumbai, Maharashtra - 400525",022-91411722,+91-8906687532,dr.manoj.kulkarni@suburban.com,Mumbai,Maharashtra,₹300-500,Mon-Sat: 9 AM - 5 PM,"English, Hindi, Marathi",HOSPITAL_CHANGED
P191,Dr. Swati Patel,TNMC/33189/2014,"MBBS, DLO",ENT Specialist,Beach Care Hospital,"278, Velachery, Chennai, Tamil Nadu - 600873",044-83548381,+91-7801509183,dr.swati.patel@beach.com,Chennai,Tamil Nadu,₹500-800,Mon-Sat: 9 AM - 5 PM,"English, Hindi, Tamil",CORRECT_DATA
P192,Dr. Ritu Verma,GMC/84473/2017,"MBBS, MD (Pediatrics)",Pediatrician,SAL Hospital Drive In,"210, Maninagar, Ahmedabad, Gujarat - 380375",079-51345362,+91-8479742166,dr.ritu.verma@sal.com,Ahmedabad,Gujarat,₹600-1000,Mon-Fri: 10 AM - 6 PM,"English, Hindi, Gujarati",CORRECT_DATA
P193,Dr. Amit Reddy,TNMC/60864/2018,"MBBS, MD (Pediatrics)",Pediatrician,Apollo Hospital Greams Road,"736, OMR, Chennai, Tamil Nadu - 600958",044-68286169,+91-9808094867,dr.amit.reddy@apollo.com,Chennai,Tamil Nadu,₹600-1000,Mon-Fri: 10 AM - 6 PM,"English, Hindi, Tamil",MOVED_ADDRESS
P194,Dr. Neha Verma,TSMC/29704/2008,"MBBS, MS (Obstetrics & Gynaecology)",Gynecologist,Sunrise Clinic,"162, Banjara Hills, Hyderabad, Telangana - 500484",040-34458532,+91-6701077000,dr.neha.verma@sunrise.com,Hyderabad,Telangana,₹600-1000,"Mon-Sat: 8 AM - 2 PM, 5 PM - 8 PM","English, Hindi, Telugu",MULTIPLE_CONFLICTS
P195,Dr. Amit Menon,RMC/26444/2013,"MBBS, MD (Medicine)",General Physician,Royal Hospital,"20, Karni Nagar, Bikaner, Rajasthan - 334140",0151-63182100,+91-9549285185,dr.amit.menon@royal.com,Bikaner,Rajasthan,₹400-600,Mon-Sat: 9 AM - 5 PM,"English, Hindi, Hindi",MOVED_ADDRESS
P196,Dr. Swati Desai,RMC/57548/2009,"MBBS, DLO",ENT Specialist,CK Birla Hospital RBH,"395, Tonk Road, Jaipur, Rajasthan - 302124",0141-45188771,+91-9565120477,dr.swati.desai@ck.com,Jaipur,Rajasthan,₹600-1000,"Mon-Fri: 9 AM - 1 PM, 4 PM - 8 PM","English, Hindi, Hindi",CORRECT_DATA
P197,Dr. Rajesh Singh,WBMC/81570/2009,"MBBS, MS (Obstetrics & Gynaecology)",Gynecologist,Medica Superspecialty,"385, Ballygunge, Kolkata, West Bengal - 700678",033-42339615,+91-7206774020,dr.rajesh.singh@medica.com,Kolkata,West Bengal,₹600-1000,Mon-Sat: 9 AM - 5 PM,"English, Hindi, Bengali",CORRECT_DATA
P198,Dr. Deepak Desai,MMC/69254/2010,"MBBS, MD (Medicine)",General Physician,Koregaon Park Clinic,"309, Koregaon Park, Pune, Maharashtra - 411277",020-43152833,+91-7698321049,dr.deepak.desai@koregaon.com,Pune,Maharashtra,₹300-500,Mon-Sat: 9 AM - 5 PM,"English, Hindi, Marathi",HOSPITAL_CHANGED
P199,Dr. Deepak Pillai,MMC/32455/2021,"MBBS, MD (Dermatology)",Dermatologist,Hinduja Hospital Khar,"956, Andheri West, Mumbai, Maharashtra - 400216",022-44987438,+91-9613243834,dr.deepak.pillai@hinduja.com,Mumbai,Maharashtra,₹500-800,Mon-Sat: 9 AM - 5 PM,"English, Hindi, Marathi",CORRECT_DATA
P200,Dr. Nisha Gupta,DMC/78344/2023,"MBBS, MD (Medicine)",General Physician,Apollo Hospital Sarita Vihar,"778, Rohini, Delhi, Delhi - 110305",011-29150015,+91-6302891543,dr.nisha.gupta@apollo.com,Delhi,Delhi,₹300-500,"Mon-Fri: 9 AM - 1 PM, 4 PM - 8 PM","English, Hindi",MULTIPLE_CONFLICTS
